posisi,tautan,perusahaan,lokasi,pengalaman,keterampilan
"Pekerjaan Freelance Misi Menarik WFH Admin Reward Rp25,000 - RAI (SQ)",https://www.kitalulus.com/lowongan/detail/pekerjaan-freelance-misi-menarik-wfh-admin-reward-rpkz,Freelance MisiSeru - PT. Kita Lulus Internasional,"Kota Tangerang Selatan, Banten",ketentuan,administrasi adaptasi cepat
Dapatkan Reward 10.000-25.000 Remote Work From Home Freelance (Admin WFH) - RAI (SQ),https://www.kitalulus.com/lowongan/detail/dapatkan-reward-1000025000-remote-work-from-hom-5kae,Freelance MisiSeru - PT. Kita Lulus Internasional,"Kota Makassar, Sulawesi Selatan",ketentuan,administrasi adaptasi cepat
"Freelance Admin Misi Seru Cashback Rp25,000 (WFH/REMOTE) - RAI (KR)",https://www.kitalulus.com/lowongan/detail/freelance-admin-misi-seru-cashback-rp25000-wfhr-fpc7,Freelance MisiSeru - PT. Kita Lulus Internasional,"Kabupaten Serang, Banten",ketentuan,administrasi adaptasi cepat
Spesialis eCommerce Marketing,https://www.kitalulus.com/lowongan/detail/spesialis-ecommerce-marketing-qqnm,Rajawali Berdikari Indonesia,"Jakarta Selatan, DKI Jakarta",minim 1,ecommerc analisi pemasaran manajemen ecommerc
Freelance Admin (Q) Remote WFH Mengerjakan Misi - Yas 3,https://www.kitalulus.com/lowongan/detail/freelance-admin-q-remote-wfh-mengerjakan-misi-zleh,Freelance MisiSeru - PT Kita Lulus Internasional,"Jakarta Pusat, DKI Jakarta",ketentuan,administrasi
Admin Online,https://www.kitalulus.com/lowongan/detail/admin-online-kjun,S-Gala.com,"Kabupaten Bandung, Jawa Barat",minim 1,koordinasi penjualan onlin administrasi penjualan keterampilan penjualan
Warehose Staff,https://www.kitalulus.com/lowongan/detail/warehose-staff-feuo,PT  Yongwang electronics indonesia,"Jakarta Barat, DKI Jakarta",minim 1,berkomunikasi bahasa inggri microsoft excel koordinasi pergudangan
Host Live Socmed,https://www.kitalulus.com/lowongan/detail/host-live-socmed-z1qa,PT Integritas Dinamika Indonesia,"Kabupaten Badung, Bali",minim 1,siaran acara langsung memahami produksi stream langsung
Telemarketing officer,https://www.kitalulus.com/lowongan/detail/telemarketing-officer-etgk,PT Timexs Indonesia,"Kota Depok, Jawa Barat",ketentuan,analisi analisi kebutuhan keuangan asuransi kendaraan
Daftar Segera Kerja Freelance Admin dari Rumah Reward Puluhan Ribu - WAF,https://www.kitalulus.com/lowongan/detail/daftar-segera-kerja-freelance-admin-dari-rumah-rew-qn8b,Freelance MisiSeru - Kita Lulus,"Kota Tangerang Selatan, Banten",ketentuan,administrasi
"Freelance Admin dari Rumah Reward Puluhan Ribu, Daftar Segera - WAF",https://www.kitalulus.com/lowongan/detail/freelance-admin-dari-rumah-reward-puluhan-ribu-da-ya2m,Freelance MisiSeru - Kita Lulus,"Jakarta Selatan, DKI Jakarta",ketentuan,administrasi
Freelance Admin Kerja Dari Rumah Dapat Puluhan Ribu (WFH/REMOTE) (Q) -VA,https://www.kitalulus.com/lowongan/detail/freelance-admin-kerja-dari-rumah-dapat-puluhan-rib-pfnu,Freelance MisiSeru - PT. Kita Lulus Internasional,"Kota Makassar, Sulawesi Selatan",ketentuan,administrasi
Marketing Perbankan (CABANG AMBASADOR JAKSEL),https://www.kitalulus.com/lowongan/detail/marketing-perbankan-cabang-ambasador-jaksel-5pw7,PT Timexs Indonesia,"Jakarta Selatan, DKI Jakarta",ketentuan,keterampilan komunikasi
CREW OUTLET GOLQI CHICKEN MAROS,https://www.kitalulus.com/lowongan/detail/crew-outlet-golqi-chicken-maros-s93l,PT Golqi Sukses Mulia,"Kabupaten Maros, Sulawesi Selatan",ketentuan,keterampilan memasak keterampilan pelayanan makanan minuman
Admin Service,https://www.kitalulus.com/lowongan/detail/admin-service-whdw,PT  Yongwang electronics indonesia,"Kota Bandung, Jawa Barat",minim 1,akurasi administrasi analisi berkomunikasi bahasa inggri administrasi rekaman
Therapist Salon  (Jakarta Timur),https://www.kitalulus.com/lowongan/detail/therapist-salon-jakarta-timur-u6x0,Salon Christopher,"Jakarta Timur, DKI Jakarta",ketentuan,manikur pedikur alat manikur pijat keterampilan pijat
Junior Caregiver Assistant,https://www.kitalulus.com/lowongan/detail/junior-caregiver-assistant-whfl,PT ASTA DAHAYU CONSULTING,"Jakarta Timur, DKI Jakarta",ketentuan,kemampuan menyesuaikan kebutuhan layanan pelanggan berorientasi layanan
SGS/SDS SMARTFREN KUDUS,https://www.kitalulus.com/lowongan/detail/sgssds-smartfren-kudus-7zpi,PT Artha Kreasi Utama,"Kabupaten Kudus, Jawa Tengah",minim 1,motor
Messengger,https://www.kitalulus.com/lowongan/detail/driver-rqgq,PT Nusapala Group,"Jakarta Barat, DKI Jakarta",minim 1,pembaruan pengemudi
SALES PROMOTOR KENDAL,https://www.kitalulus.com/lowongan/detail/sales-promotor-kendal-ujok,PT Artha Kreasi Utama,"Kabupaten Kendal, Jawa Tengah",minim 1,motor
Kepala Pengelola Gedung,https://www.kitalulus.com/lowongan/detail/kepala-pengelola-wjov,PT Dana Purna Investama,"Kota Tasikmalaya, Jawa Barat",minim 3,kelistrikan keterampilan pemeliharaan bangunan keahlian teknik keterampilan kepemimpinan tim
Donor Acquisition Representative,https://www.kitalulus.com/lowongan/detail/donor-acquisition-representative-211v,Yayasan Konservasi Alam Nusantara,"Kota Bandung, Jawa Barat",minim 1,kepemimpinan keterampilan komunikasi pemasaran target komunikasi persuasif berbicara pemasaran penjualan
SO Refinancing - Jakarta,https://www.kitalulus.com/lowongan/detail/sales-officer-refinancing-vaq9,PT Padma Raharja Sentosa,"Jakarta Selatan, DKI Jakarta",ketentuan,keterampilan penjualan
COLLECTOR,https://www.kitalulus.com/lowongan/detail/collector-vnma,Duta Elektronik,"Kota Palembang, Sumatra Selatan",minim 1,animasi 2
Supervisor Cleaning Service (Kota Semarang),https://www.kitalulus.com/lowongan/detail/supervisor-cleaning-service-kota-semarang-bbyg,PT Dana Purna Investama,"Kota Semarang, Jawa Tengah",minim 2,orientasi detail keterampilan komunikasi verbal
Stock Controll Administrator,https://www.kitalulus.com/lowongan/detail/stock-controll-administrator-qqyf,PT  Yongwang electronics indonesia,"Jakarta Barat, DKI Jakarta",minim 1,akurasi kompilasi dokumen administratif manajemen administrasi analisi berkomunikasi bahasa inggri kompilasi data kontrol dokumen arsip elektronik kontrol dokumen elektronik input dokumen elektronik kompilasi berka kompilasi informasi arsip manual ketelitian penyimpanan data arsip fisik
Hair Educator Makarizo (Jabodetabek),https://www.kitalulus.com/lowongan/detail/hair-educator-makarizo-jabodetabek-qobq,PT Akasha Wira International,"Jakarta Selatan, DKI Jakarta",minim 1,konsultasi kecantikan perawatan rambut konsultasi perawatan rambut pemilihan gaya rambut
Marketing Coordinator,https://www.kitalulus.com/lowongan/detail/marketing-coordinator-jpg3,EF English First Makassar,"Kota Manado, Sulawesi Utara",minim 1,alat pemasaran digit analisi strategi pemasaran alat pemasaran
Agent Data Entry KYC (Sleman),https://www.kitalulus.com/lowongan/detail/agent-data-entry-kyc-sleman-8ew0,Rajawali Berdikari Indonesia,"Kabupaten Sleman, DI Yogyakarta",ketentuan,akurasi mengetik cepat kecepatan mengetik
Direct Sales Wifi/Area Coordinator BZN Bogor,https://www.kitalulus.com/lowongan/detail/direct-sales-wifiarea-coordinator-bogor-pp6l,PT Duta Generasi Mandiri,"Kabupaten Bogor, Jawa Barat",minim 1,kemampuan beradaptasi kebutuhan penjualan pengembangan penjualan b 2 c
Sales Marketing Pematang Siantar,https://www.kitalulus.com/lowongan/detail/sales-marketing-siantar-qevw,PT Indonesia Bakery Family,"Kota Pematangsiantar, Sumatra Utara",minim 1,kemampuan menjual
SALES MARKETING LAHAT,https://www.kitalulus.com/lowongan/detail/sales-marketing-lahat-vo76,PT Indonesia Bakery Family,"Kabupaten Lahat, Sumatra Selatan",minim 1,kemampuan menjual
Admin Marketplace,https://www.kitalulus.com/lowongan/detail/admin-marketplace-vkih,PT Integritas Dinamika Indonesia,"Kota Surabaya, Jawa Timur",minim 1,manajemen marketplac
"Freelance Admin (Q) Misiseru Remote WFH Benefit Hingga 25,000 - yas 1",https://www.kitalulus.com/lowongan/detail/freelance-admin-q-misiseru-remote-wfh-benefit-hi-qcdh,Freelance MisiSeru - PT Kita Lulus Internasional,"Kabupaten Bandung, Jawa Barat",ketentuan,administrasi
"Pekerjaan Freelance Misi Menarik WFH Admin Reward Rp25,000 - RAI (SQ)",https://www.kitalulus.com/lowongan/detail/pekerjaan-freelance-misi-menarik-wfh-admin-reward-rpkz,Freelance MisiSeru - PT. Kita Lulus Internasional,"Kota Tangerang Selatan, Banten",ketentuan,administrasi adaptasi cepat
Dapatkan Reward 10.000-25.000 Remote Work From Home Freelance (Admin WFH) - RAI (SQ),https://www.kitalulus.com/lowongan/detail/dapatkan-reward-1000025000-remote-work-from-hom-5kae,Freelance MisiSeru - PT. Kita Lulus Internasional,"Kota Makassar, Sulawesi Selatan",ketentuan,administrasi adaptasi cepat
Spesialis eCommerce Marketing,https://www.kitalulus.com/lowongan/detail/spesialis-ecommerce-marketing-qqnm,Rajawali Berdikari Indonesia,"Jakarta Selatan, DKI Jakarta",minim 1,ecommerc analisi pemasaran manajemen ecommerc
Freelance Admin (Q) Remote WFH Mengerjakan Misi - Yas 3,https://www.kitalulus.com/lowongan/detail/freelance-admin-q-remote-wfh-mengerjakan-misi-zleh,Freelance MisiSeru - PT Kita Lulus Internasional,"Jakarta Pusat, DKI Jakarta",ketentuan,administrasi
Admin Online,https://www.kitalulus.com/lowongan/detail/admin-online-kjun,S-Gala.com,"Kabupaten Bandung, Jawa Barat",minim 1,koordinasi penjualan onlin administrasi penjualan keterampilan penjualan
Warehose Staff,https://www.kitalulus.com/lowongan/detail/warehose-staff-feuo,PT  Yongwang electronics indonesia,"Jakarta Barat, DKI Jakarta",minim 1,berkomunikasi bahasa inggri microsoft excel koordinasi pergudangan
Host Live Socmed,https://www.kitalulus.com/lowongan/detail/host-live-socmed-z1qa,PT Integritas Dinamika Indonesia,"Kabupaten Badung, Bali",minim 1,siaran acara langsung memahami produksi stream langsung
Telemarketing officer,https://www.kitalulus.com/lowongan/detail/telemarketing-officer-etgk,PT Timexs Indonesia,"Kota Depok, Jawa Barat",ketentuan,analisi analisi kebutuhan keuangan asuransi kendaraan
Daftar Segera Kerja Freelance Admin dari Rumah Reward Puluhan Ribu - WAF,https://www.kitalulus.com/lowongan/detail/daftar-segera-kerja-freelance-admin-dari-rumah-rew-qn8b,Freelance MisiSeru - Kita Lulus,"Kota Tangerang Selatan, Banten",ketentuan,administrasi
"Freelance Admin dari Rumah Reward Puluhan Ribu, Daftar Segera - WAF",https://www.kitalulus.com/lowongan/detail/freelance-admin-dari-rumah-reward-puluhan-ribu-da-ya2m,Freelance MisiSeru - Kita Lulus,"Jakarta Selatan, DKI Jakarta",ketentuan,administrasi
Freelance Admin Kerja Dari Rumah Dapat Puluhan Ribu (WFH/REMOTE) (Q) -VA,https://www.kitalulus.com/lowongan/detail/freelance-admin-kerja-dari-rumah-dapat-puluhan-rib-pfnu,Freelance MisiSeru - PT. Kita Lulus Internasional,"Kota Makassar, Sulawesi Selatan",ketentuan,administrasi
Marketing Perbankan (CABANG AMBASADOR JAKSEL),https://www.kitalulus.com/lowongan/detail/marketing-perbankan-cabang-ambasador-jaksel-5pw7,PT Timexs Indonesia,"Jakarta Selatan, DKI Jakarta",ketentuan,keterampilan komunikasi
CREW OUTLET GOLQI CHICKEN MAROS,https://www.kitalulus.com/lowongan/detail/crew-outlet-golqi-chicken-maros-s93l,PT Golqi Sukses Mulia,"Kabupaten Maros, Sulawesi Selatan",ketentuan,keterampilan memasak keterampilan pelayanan makanan minuman
Admin Service,https://www.kitalulus.com/lowongan/detail/admin-service-whdw,PT  Yongwang electronics indonesia,"Kota Bandung, Jawa Barat",minim 1,akurasi administrasi analisi berkomunikasi bahasa inggri administrasi rekaman
Therapist Salon  (Jakarta Timur),https://www.kitalulus.com/lowongan/detail/therapist-salon-jakarta-timur-u6x0,Salon Christopher,"Jakarta Timur, DKI Jakarta",ketentuan,manikur pedikur alat manikur pijat keterampilan pijat
Junior Caregiver Assistant,https://www.kitalulus.com/lowongan/detail/junior-caregiver-assistant-whfl,PT ASTA DAHAYU CONSULTING,"Jakarta Timur, DKI Jakarta",ketentuan,kemampuan menyesuaikan kebutuhan layanan pelanggan berorientasi layanan
SGS/SDS SMARTFREN KUDUS,https://www.kitalulus.com/lowongan/detail/sgssds-smartfren-kudus-7zpi,PT Artha Kreasi Utama,"Kabupaten Kudus, Jawa Tengah",minim 1,motor
Messengger,https://www.kitalulus.com/lowongan/detail/driver-rqgq,PT Nusapala Group,"Jakarta Barat, DKI Jakarta",minim 1,pembaruan pengemudi
SALES PROMOTOR KENDAL,https://www.kitalulus.com/lowongan/detail/sales-promotor-kendal-ujok,PT Artha Kreasi Utama,"Kabupaten Kendal, Jawa Tengah",minim 1,motor
Kepala Pengelola Gedung,https://www.kitalulus.com/lowongan/detail/kepala-pengelola-wjov,PT Dana Purna Investama,"Kota Tasikmalaya, Jawa Barat",minim 3,kelistrikan keterampilan pemeliharaan bangunan keahlian teknik keterampilan kepemimpinan tim
Donor Acquisition Representative,https://www.kitalulus.com/lowongan/detail/donor-acquisition-representative-211v,Yayasan Konservasi Alam Nusantara,"Kota Bandung, Jawa Barat",minim 1,kepemimpinan keterampilan komunikasi pemasaran target komunikasi persuasif berbicara pemasaran penjualan
SO Refinancing - Jakarta,https://www.kitalulus.com/lowongan/detail/sales-officer-refinancing-vaq9,PT Padma Raharja Sentosa,"Jakarta Selatan, DKI Jakarta",ketentuan,keterampilan penjualan
COLLECTOR,https://www.kitalulus.com/lowongan/detail/collector-vnma,Duta Elektronik,"Kota Palembang, Sumatra Selatan",minim 1,animasi 2
Supervisor Cleaning Service (Kota Semarang),https://www.kitalulus.com/lowongan/detail/supervisor-cleaning-service-kota-semarang-bbyg,PT Dana Purna Investama,"Kota Semarang, Jawa Tengah",minim 2,orientasi detail keterampilan komunikasi verbal
Stock Controll Administrator,https://www.kitalulus.com/lowongan/detail/stock-controll-administrator-qqyf,PT  Yongwang electronics indonesia,"Jakarta Barat, DKI Jakarta",minim 1,akurasi kompilasi dokumen administratif manajemen administrasi analisi berkomunikasi bahasa inggri kompilasi data kontrol dokumen arsip elektronik kontrol dokumen elektronik input dokumen elektronik kompilasi berka kompilasi informasi arsip manual ketelitian penyimpanan data arsip fisik
Hair Educator Makarizo (Jabodetabek),https://www.kitalulus.com/lowongan/detail/hair-educator-makarizo-jabodetabek-qobq,PT Akasha Wira International,"Jakarta Selatan, DKI Jakarta",minim 1,konsultasi kecantikan perawatan rambut konsultasi perawatan rambut pemilihan gaya rambut
Marketing Coordinator,https://www.kitalulus.com/lowongan/detail/marketing-coordinator-jpg3,EF English First Makassar,"Kota Manado, Sulawesi Utara",minim 1,alat pemasaran digit analisi strategi pemasaran alat pemasaran
Agent Data Entry KYC (Sleman),https://www.kitalulus.com/lowongan/detail/agent-data-entry-kyc-sleman-8ew0,Rajawali Berdikari Indonesia,"Kabupaten Sleman, DI Yogyakarta",ketentuan,akurasi mengetik cepat kecepatan mengetik
Direct Sales Wifi/Area Coordinator BZN Bogor,https://www.kitalulus.com/lowongan/detail/direct-sales-wifiarea-coordinator-bogor-pp6l,PT Duta Generasi Mandiri,"Kabupaten Bogor, Jawa Barat",minim 1,kemampuan beradaptasi kebutuhan penjualan pengembangan penjualan b 2 c
Sales Marketing Pematang Siantar,https://www.kitalulus.com/lowongan/detail/sales-marketing-siantar-qevw,PT Indonesia Bakery Family,"Kota Pematangsiantar, Sumatra Utara",minim 1,kemampuan menjual
SALES MARKETING LAHAT,https://www.kitalulus.com/lowongan/detail/sales-marketing-lahat-vo76,PT Indonesia Bakery Family,"Kabupaten Lahat, Sumatra Selatan",minim 1,kemampuan menjual
Admin Marketplace,https://www.kitalulus.com/lowongan/detail/admin-marketplace-vkih,PT Integritas Dinamika Indonesia,"Kota Surabaya, Jawa Timur",minim 1,manajemen marketplac
Freelance Resmi (H) WFH Mudah dikerjakan dari Rumah - Yas 4,https://www.kitalulus.com/lowongan/detail/freelance-resmi-kr-wfh-mudah-dikerjakan-dari-rum-bdoh,Freelance MisiSeru - PT Kita Lulus Internasional,"Jakarta Barat, DKI Jakarta",ketentuan,administrasi
Ikuti Freelance Admin (Q) WFH Reward Hingga 25.000 - yas 2,https://www.kitalulus.com/lowongan/detail/ikuti-freelance-admin-q-wfh-reward-hingga-25000-c1wh,Freelance MisiSeru - PT Kita Lulus Internasional,"Kota Surabaya, Jawa Timur",ketentuan,administrasi
"Freelance Admin (Q) Misiseru Remote WFH Benefit Hingga 25,000 - yas 1",https://www.kitalulus.com/lowongan/detail/freelance-admin-q-misiseru-remote-wfh-benefit-hi-qcdh,Freelance MisiSeru - PT Kita Lulus Internasional,"Kabupaten Bandung, Jawa Barat",ketentuan,administrasi
Freelance Admin (Q) Remote WFH Mengerjakan Misi - Yas 3,https://www.kitalulus.com/lowongan/detail/freelance-admin-q-remote-wfh-mengerjakan-misi-zleh,Freelance MisiSeru - PT Kita Lulus Internasional,"Jakarta Pusat, DKI Jakarta",ketentuan,administrasi
Spesialis eCommerce Marketing,https://www.kitalulus.com/lowongan/detail/spesialis-ecommerce-marketing-qqnm,Rajawali Berdikari Indonesia,"Jakarta Selatan, DKI Jakarta",minim 1,ecommerc analisi pemasaran manajemen ecommerc
Admin Online,https://www.kitalulus.com/lowongan/detail/admin-online-kjun,S-Gala.com,"Kabupaten Bandung, Jawa Barat",minim 1,koordinasi penjualan onlin administrasi penjualan keterampilan penjualan
Warehose Staff,https://www.kitalulus.com/lowongan/detail/warehose-staff-feuo,PT  Yongwang electronics indonesia,"Jakarta Barat, DKI Jakarta",minim 1,berkomunikasi bahasa inggri microsoft excel koordinasi pergudangan
Host Live Socmed,https://www.kitalulus.com/lowongan/detail/host-live-socmed-z1qa,PT Integritas Dinamika Indonesia,"Kabupaten Badung, Bali",minim 1,siaran acara langsung memahami produksi stream langsung
Telemarketing officer,https://www.kitalulus.com/lowongan/detail/telemarketing-officer-etgk,PT Timexs Indonesia,"Kota Depok, Jawa Barat",ketentuan,analisi analisi kebutuhan keuangan asuransi kendaraan
Daftar Segera Kerja Freelance Admin dari Rumah Reward Puluhan Ribu - WAF,https://www.kitalulus.com/lowongan/detail/daftar-segera-kerja-freelance-admin-dari-rumah-rew-qn8b,Freelance MisiSeru - Kita Lulus,"Kota Tangerang Selatan, Banten",ketentuan,administrasi
"Freelance Admin dari Rumah Reward Puluhan Ribu, Daftar Segera - WAF",https://www.kitalulus.com/lowongan/detail/freelance-admin-dari-rumah-reward-puluhan-ribu-da-ya2m,Freelance MisiSeru - Kita Lulus,"Jakarta Selatan, DKI Jakarta",ketentuan,administrasi
Freelance Admin Kerja Dari Rumah Dapat Puluhan Ribu (WFH/REMOTE) (Q) -VA,https://www.kitalulus.com/lowongan/detail/freelance-admin-kerja-dari-rumah-dapat-puluhan-rib-pfnu,Freelance MisiSeru - PT. Kita Lulus Internasional,"Kota Makassar, Sulawesi Selatan",ketentuan,administrasi
Marketing Perbankan (CABANG AMBASADOR JAKSEL),https://www.kitalulus.com/lowongan/detail/marketing-perbankan-cabang-ambasador-jaksel-5pw7,PT Timexs Indonesia,"Jakarta Selatan, DKI Jakarta",ketentuan,keterampilan komunikasi
CREW OUTLET GOLQI CHICKEN MAROS,https://www.kitalulus.com/lowongan/detail/crew-outlet-golqi-chicken-maros-s93l,PT Golqi Sukses Mulia,"Kabupaten Maros, Sulawesi Selatan",ketentuan,keterampilan memasak keterampilan pelayanan makanan minuman
Admin Service,https://www.kitalulus.com/lowongan/detail/admin-service-whdw,PT  Yongwang electronics indonesia,"Kota Bandung, Jawa Barat",minim 1,akurasi administrasi analisi berkomunikasi bahasa inggri administrasi rekaman
Therapist Salon  (Jakarta Timur),https://www.kitalulus.com/lowongan/detail/therapist-salon-jakarta-timur-u6x0,Salon Christopher,"Jakarta Timur, DKI Jakarta",ketentuan,manikur pedikur alat manikur pijat keterampilan pijat
Junior Caregiver Assistant,https://www.kitalulus.com/lowongan/detail/junior-caregiver-assistant-whfl,PT ASTA DAHAYU CONSULTING,"Jakarta Timur, DKI Jakarta",ketentuan,kemampuan menyesuaikan kebutuhan layanan pelanggan berorientasi layanan
SGS/SDS SMARTFREN KUDUS,https://www.kitalulus.com/lowongan/detail/sgssds-smartfren-kudus-7zpi,PT Artha Kreasi Utama,"Kabupaten Kudus, Jawa Tengah",minim 1,motor
Messengger,https://www.kitalulus.com/lowongan/detail/driver-rqgq,PT Nusapala Group,"Jakarta Barat, DKI Jakarta",minim 1,pembaruan pengemudi
SALES PROMOTOR KENDAL,https://www.kitalulus.com/lowongan/detail/sales-promotor-kendal-ujok,PT Artha Kreasi Utama,"Kabupaten Kendal, Jawa Tengah",minim 1,motor
Kepala Pengelola Gedung,https://www.kitalulus.com/lowongan/detail/kepala-pengelola-wjov,PT Dana Purna Investama,"Kota Tasikmalaya, Jawa Barat",minim 3,kelistrikan keterampilan pemeliharaan bangunan keahlian teknik keterampilan kepemimpinan tim
Donor Acquisition Representative,https://www.kitalulus.com/lowongan/detail/donor-acquisition-representative-211v,Yayasan Konservasi Alam Nusantara,"Kota Bandung, Jawa Barat",minim 1,kepemimpinan keterampilan komunikasi pemasaran target komunikasi persuasif berbicara pemasaran penjualan
SO Refinancing - Jakarta,https://www.kitalulus.com/lowongan/detail/sales-officer-refinancing-vaq9,PT Padma Raharja Sentosa,"Jakarta Selatan, DKI Jakarta",ketentuan,keterampilan penjualan
COLLECTOR,https://www.kitalulus.com/lowongan/detail/collector-vnma,Duta Elektronik,"Kota Palembang, Sumatra Selatan",minim 1,animasi 2
Supervisor Cleaning Service (Kota Semarang),https://www.kitalulus.com/lowongan/detail/supervisor-cleaning-service-kota-semarang-bbyg,PT Dana Purna Investama,"Kota Semarang, Jawa Tengah",minim 2,orientasi detail keterampilan komunikasi verbal
Stock Controll Administrator,https://www.kitalulus.com/lowongan/detail/stock-controll-administrator-qqyf,PT  Yongwang electronics indonesia,"Jakarta Barat, DKI Jakarta",minim 1,akurasi kompilasi dokumen administratif manajemen administrasi analisi berkomunikasi bahasa inggri kompilasi data kontrol dokumen arsip elektronik kontrol dokumen elektronik input dokumen elektronik kompilasi berka kompilasi informasi arsip manual ketelitian penyimpanan data arsip fisik
Hair Educator Makarizo (Jabodetabek),https://www.kitalulus.com/lowongan/detail/hair-educator-makarizo-jabodetabek-qobq,PT Akasha Wira International,"Jakarta Selatan, DKI Jakarta",minim 1,konsultasi kecantikan perawatan rambut konsultasi perawatan rambut pemilihan gaya rambut
Marketing Coordinator,https://www.kitalulus.com/lowongan/detail/marketing-coordinator-jpg3,EF English First Makassar,"Kota Manado, Sulawesi Utara",minim 1,alat pemasaran digit analisi strategi pemasaran alat pemasaran
Agent Data Entry KYC (Sleman),https://www.kitalulus.com/lowongan/detail/agent-data-entry-kyc-sleman-8ew0,Rajawali Berdikari Indonesia,"Kabupaten Sleman, DI Yogyakarta",ketentuan,akurasi mengetik cepat kecepatan mengetik
Direct Sales Wifi/Area Coordinator BZN Bogor,https://www.kitalulus.com/lowongan/detail/direct-sales-wifiarea-coordinator-bogor-pp6l,PT Duta Generasi Mandiri,"Kabupaten Bogor, Jawa Barat",minim 1,kemampuan beradaptasi kebutuhan penjualan pengembangan penjualan b 2 c
Sales Marketing Pematang Siantar,https://www.kitalulus.com/lowongan/detail/sales-marketing-siantar-qevw,PT Indonesia Bakery Family,"Kota Pematangsiantar, Sumatra Utara",minim 1,kemampuan menjual
SALES MARKETING LAHAT,https://www.kitalulus.com/lowongan/detail/sales-marketing-lahat-vo76,PT Indonesia Bakery Family,"Kabupaten Lahat, Sumatra Selatan",minim 1,kemampuan menjual
Admin Marketplace,https://www.kitalulus.com/lowongan/detail/admin-marketplace-vkih,PT Integritas Dinamika Indonesia,"Kota Surabaya, Jawa Timur",minim 1,manajemen marketplac
Freelance Resmi (H) WFH Mudah dikerjakan dari Rumah - Yas 4,https://www.kitalulus.com/lowongan/detail/freelance-resmi-kr-wfh-mudah-dikerjakan-dari-rum-bdoh,Freelance MisiSeru - PT Kita Lulus Internasional,"Jakarta Barat, DKI Jakarta",ketentuan,administrasi
Ikuti Freelance Admin (Q) WFH Reward Hingga 25.000 - yas 2,https://www.kitalulus.com/lowongan/detail/ikuti-freelance-admin-q-wfh-reward-hingga-25000-c1wh,Freelance MisiSeru - PT Kita Lulus Internasional,"Kota Surabaya, Jawa Timur",ketentuan,administrasi
"Freelance Admin (Q) Misiseru Remote WFH Benefit Hingga 25,000 - yas 1",https://www.kitalulus.com/lowongan/detail/freelance-admin-q-misiseru-remote-wfh-benefit-hi-qcdh,Freelance MisiSeru - PT Kita Lulus Internasional,"Kabupaten Bandung, Jawa Barat",ketentuan,administrasi
Freelance Admin (Q) Remote WFH Mengerjakan Misi - Yas 3,https://www.kitalulus.com/lowongan/detail/freelance-admin-q-remote-wfh-mengerjakan-misi-zleh,Freelance MisiSeru - PT Kita Lulus Internasional,Tidak tersedia,tersedia,tersedia
Spesialis eCommerce Marketing,https://www.kitalulus.com/lowongan/detail/spesialis-ecommerce-marketing-qqnm,Rajawali Berdikari Indonesia,"Jakarta Selatan, DKI Jakarta",minim 1,ecommerc analisi pemasaran manajemen ecommerc
Admin Online,https://www.kitalulus.com/lowongan/detail/admin-online-kjun,S-Gala.com,"Kabupaten Bandung, Jawa Barat",minim 1,koordinasi penjualan onlin administrasi penjualan keterampilan penjualan
Warehose Staff,https://www.kitalulus.com/lowongan/detail/warehose-staff-feuo,PT  Yongwang electronics indonesia,"Jakarta Barat, DKI Jakarta",minim 1,berkomunikasi bahasa inggri microsoft excel koordinasi pergudangan
Host Live Socmed,https://www.kitalulus.com/lowongan/detail/host-live-socmed-z1qa,PT Integritas Dinamika Indonesia,"Kabupaten Badung, Bali",minim 1,siaran acara langsung memahami produksi stream langsung
Telemarketing officer,https://www.kitalulus.com/lowongan/detail/telemarketing-officer-etgk,PT Timexs Indonesia,"Kota Depok, Jawa Barat",ketentuan,analisi analisi kebutuhan keuangan asuransi kendaraan
Daftar Segera Kerja Freelance Admin dari Rumah Reward Puluhan Ribu - WAF,https://www.kitalulus.com/lowongan/detail/daftar-segera-kerja-freelance-admin-dari-rumah-rew-qn8b,Freelance MisiSeru - Kita Lulus,"Kota Tangerang Selatan, Banten",ketentuan,administrasi
"Freelance Admin dari Rumah Reward Puluhan Ribu, Daftar Segera - WAF",https://www.kitalulus.com/lowongan/detail/freelance-admin-dari-rumah-reward-puluhan-ribu-da-ya2m,Freelance MisiSeru - Kita Lulus,"Jakarta Selatan, DKI Jakarta",ketentuan,administrasi
Freelance Admin Kerja Dari Rumah Dapat Puluhan Ribu (WFH/REMOTE) (Q) -VA,https://www.kitalulus.com/lowongan/detail/freelance-admin-kerja-dari-rumah-dapat-puluhan-rib-pfnu,Freelance MisiSeru - PT. Kita Lulus Internasional,"Kota Makassar, Sulawesi Selatan",ketentuan,administrasi
Marketing Perbankan (CABANG AMBASADOR JAKSEL),https://www.kitalulus.com/lowongan/detail/marketing-perbankan-cabang-ambasador-jaksel-5pw7,PT Timexs Indonesia,"Jakarta Selatan, DKI Jakarta",ketentuan,keterampilan komunikasi
CREW OUTLET GOLQI CHICKEN MAROS,https://www.kitalulus.com/lowongan/detail/crew-outlet-golqi-chicken-maros-s93l,PT Golqi Sukses Mulia,"Kabupaten Maros, Sulawesi Selatan",ketentuan,keterampilan memasak keterampilan pelayanan makanan minuman
Admin Service,https://www.kitalulus.com/lowongan/detail/admin-service-whdw,PT  Yongwang electronics indonesia,"Kota Bandung, Jawa Barat",minim 1,akurasi administrasi analisi berkomunikasi bahasa inggri administrasi rekaman
Therapist Salon  (Jakarta Timur),https://www.kitalulus.com/lowongan/detail/therapist-salon-jakarta-timur-u6x0,Salon Christopher,"Jakarta Timur, DKI Jakarta",ketentuan,manikur pedikur alat manikur pijat keterampilan pijat
Junior Caregiver Assistant,https://www.kitalulus.com/lowongan/detail/junior-caregiver-assistant-whfl,PT ASTA DAHAYU CONSULTING,"Jakarta Timur, DKI Jakarta",ketentuan,kemampuan menyesuaikan kebutuhan layanan pelanggan berorientasi layanan
SGS/SDS SMARTFREN KUDUS,https://www.kitalulus.com/lowongan/detail/sgssds-smartfren-kudus-7zpi,PT Artha Kreasi Utama,"Kabupaten Kudus, Jawa Tengah",minim 1,motor
Messengger,https://www.kitalulus.com/lowongan/detail/driver-rqgq,PT Nusapala Group,"Jakarta Barat, DKI Jakarta",minim 1,pembaruan pengemudi
SALES PROMOTOR KENDAL,https://www.kitalulus.com/lowongan/detail/sales-promotor-kendal-ujok,PT Artha Kreasi Utama,"Kabupaten Kendal, Jawa Tengah",minim 1,motor
Kepala Pengelola Gedung,https://www.kitalulus.com/lowongan/detail/kepala-pengelola-wjov,PT Dana Purna Investama,"Kota Tasikmalaya, Jawa Barat",minim 3,kelistrikan keterampilan pemeliharaan bangunan keahlian teknik keterampilan kepemimpinan tim
Donor Acquisition Representative,https://www.kitalulus.com/lowongan/detail/donor-acquisition-representative-211v,Yayasan Konservasi Alam Nusantara,"Kota Bandung, Jawa Barat",minim 1,kepemimpinan keterampilan komunikasi pemasaran target komunikasi persuasif berbicara pemasaran penjualan
SO Refinancing - Jakarta,https://www.kitalulus.com/lowongan/detail/sales-officer-refinancing-vaq9,PT Padma Raharja Sentosa,"Jakarta Selatan, DKI Jakarta",ketentuan,keterampilan penjualan
COLLECTOR,https://www.kitalulus.com/lowongan/detail/collector-vnma,Duta Elektronik,"Kota Palembang, Sumatra Selatan",minim 1,animasi 2
Supervisor Cleaning Service (Kota Semarang),https://www.kitalulus.com/lowongan/detail/supervisor-cleaning-service-kota-semarang-bbyg,PT Dana Purna Investama,"Kota Semarang, Jawa Tengah",minim 2,orientasi detail keterampilan komunikasi verbal
Stock Controll Administrator,https://www.kitalulus.com/lowongan/detail/stock-controll-administrator-qqyf,PT  Yongwang electronics indonesia,"Jakarta Barat, DKI Jakarta",minim 1,akurasi kompilasi dokumen administratif manajemen administrasi analisi berkomunikasi bahasa inggri kompilasi data kontrol dokumen arsip elektronik kontrol dokumen elektronik input dokumen elektronik kompilasi berka kompilasi informasi arsip manual ketelitian penyimpanan data arsip fisik
Hair Educator Makarizo (Jabodetabek),https://www.kitalulus.com/lowongan/detail/hair-educator-makarizo-jabodetabek-qobq,PT Akasha Wira International,"Jakarta Selatan, DKI Jakarta",minim 1,konsultasi kecantikan perawatan rambut konsultasi perawatan rambut pemilihan gaya rambut
Marketing Coordinator,https://www.kitalulus.com/lowongan/detail/marketing-coordinator-jpg3,EF English First Makassar,"Kota Manado, Sulawesi Utara",minim 1,alat pemasaran digit analisi strategi pemasaran alat pemasaran
Agent Data Entry KYC (Sleman),https://www.kitalulus.com/lowongan/detail/agent-data-entry-kyc-sleman-8ew0,Rajawali Berdikari Indonesia,"Kabupaten Sleman, DI Yogyakarta",ketentuan,akurasi mengetik cepat kecepatan mengetik
Direct Sales Wifi/Area Coordinator BZN Bogor,https://www.kitalulus.com/lowongan/detail/direct-sales-wifiarea-coordinator-bogor-pp6l,PT Duta Generasi Mandiri,"Kabupaten Bogor, Jawa Barat",minim 1,kemampuan beradaptasi kebutuhan penjualan pengembangan penjualan b 2 c
Sales Marketing Pematang Siantar,https://www.kitalulus.com/lowongan/detail/sales-marketing-siantar-qevw,PT Indonesia Bakery Family,"Kota Pematangsiantar, Sumatra Utara",minim 1,kemampuan menjual
SALES MARKETING LAHAT,https://www.kitalulus.com/lowongan/detail/sales-marketing-lahat-vo76,PT Indonesia Bakery Family,"Kabupaten Lahat, Sumatra Selatan",minim 1,kemampuan menjual
Admin Marketplace,https://www.kitalulus.com/lowongan/detail/admin-marketplace-vkih,PT Integritas Dinamika Indonesia,"Kota Surabaya, Jawa Timur",minim 1,manajemen marketplac
Freelance Resmi (H) WFH Mudah dikerjakan dari Rumah - Yas 4,https://www.kitalulus.com/lowongan/detail/freelance-resmi-kr-wfh-mudah-dikerjakan-dari-rum-bdoh,Freelance MisiSeru - PT Kita Lulus Internasional,"Jakarta Barat, DKI Jakarta",ketentuan,administrasi
Ikuti Freelance Admin (Q) WFH Reward Hingga 25.000 - yas 2,https://www.kitalulus.com/lowongan/detail/ikuti-freelance-admin-q-wfh-reward-hingga-25000-c1wh,Freelance MisiSeru - PT Kita Lulus Internasional,"Kota Surabaya, Jawa Timur",ketentuan,administrasi
"Freelance Admin (Q) Misiseru Remote WFH Benefit Hingga 25,000 - yas 1",https://www.kitalulus.com/lowongan/detail/freelance-admin-q-misiseru-remote-wfh-benefit-hi-qcdh,Freelance MisiSeru - PT Kita Lulus Internasional,"Kabupaten Bandung, Jawa Barat",ketentuan,administrasi
Freelance Admin (Q) Remote WFH Mengerjakan Misi - Yas 3,https://www.kitalulus.com/lowongan/detail/freelance-admin-q-remote-wfh-mengerjakan-misi-zleh,Freelance MisiSeru - PT Kita Lulus Internasional,"Jakarta Pusat, DKI Jakarta",ketentuan,administrasi
Spesialis eCommerce Marketing,https://www.kitalulus.com/lowongan/detail/spesialis-ecommerce-marketing-qqnm,Rajawali Berdikari Indonesia,"Jakarta Selatan, DKI Jakarta",minim 1,ecommerc analisi pemasaran manajemen ecommerc
Admin Online,https://www.kitalulus.com/lowongan/detail/admin-online-kjun,S-Gala.com,"Kabupaten Bandung, Jawa Barat",minim 1,koordinasi penjualan onlin administrasi penjualan keterampilan penjualan
Warehose Staff,https://www.kitalulus.com/lowongan/detail/warehose-staff-feuo,PT  Yongwang electronics indonesia,"Jakarta Barat, DKI Jakarta",minim 1,berkomunikasi bahasa inggri microsoft excel koordinasi pergudangan
Host Live Socmed,https://www.kitalulus.com/lowongan/detail/host-live-socmed-z1qa,PT Integritas Dinamika Indonesia,"Kabupaten Badung, Bali",minim 1,siaran acara langsung memahami produksi stream langsung
Telemarketing officer,https://www.kitalulus.com/lowongan/detail/telemarketing-officer-etgk,PT Timexs Indonesia,"Kota Depok, Jawa Barat",ketentuan,analisi analisi kebutuhan keuangan asuransi kendaraan
Daftar Segera Kerja Freelance Admin dari Rumah Reward Puluhan Ribu - WAF,https://www.kitalulus.com/lowongan/detail/daftar-segera-kerja-freelance-admin-dari-rumah-rew-qn8b,Freelance MisiSeru - Kita Lulus,"Kota Tangerang Selatan, Banten",ketentuan,administrasi
"Freelance Admin dari Rumah Reward Puluhan Ribu, Daftar Segera - WAF",https://www.kitalulus.com/lowongan/detail/freelance-admin-dari-rumah-reward-puluhan-ribu-da-ya2m,Freelance MisiSeru - Kita Lulus,"Jakarta Selatan, DKI Jakarta",ketentuan,administrasi
Freelance Admin Kerja Dari Rumah Dapat Puluhan Ribu (WFH/REMOTE) (Q) -VA,https://www.kitalulus.com/lowongan/detail/freelance-admin-kerja-dari-rumah-dapat-puluhan-rib-pfnu,Freelance MisiSeru - PT. Kita Lulus Internasional,"Kota Makassar, Sulawesi Selatan",ketentuan,administrasi
Marketing Perbankan (CABANG AMBASADOR JAKSEL),https://www.kitalulus.com/lowongan/detail/marketing-perbankan-cabang-ambasador-jaksel-5pw7,PT Timexs Indonesia,"Jakarta Selatan, DKI Jakarta",ketentuan,keterampilan komunikasi
CREW OUTLET GOLQI CHICKEN MAROS,https://www.kitalulus.com/lowongan/detail/crew-outlet-golqi-chicken-maros-s93l,PT Golqi Sukses Mulia,"Kabupaten Maros, Sulawesi Selatan",ketentuan,keterampilan memasak keterampilan pelayanan makanan minuman
Admin Service,https://www.kitalulus.com/lowongan/detail/admin-service-whdw,PT  Yongwang electronics indonesia,"Kota Bandung, Jawa Barat",minim 1,akurasi administrasi analisi berkomunikasi bahasa inggri administrasi rekaman
Therapist Salon  (Jakarta Timur),https://www.kitalulus.com/lowongan/detail/therapist-salon-jakarta-timur-u6x0,Salon Christopher,"Jakarta Timur, DKI Jakarta",ketentuan,manikur pedikur alat manikur pijat keterampilan pijat
Junior Caregiver Assistant,https://www.kitalulus.com/lowongan/detail/junior-caregiver-assistant-whfl,PT ASTA DAHAYU CONSULTING,"Jakarta Timur, DKI Jakarta",ketentuan,kemampuan menyesuaikan kebutuhan layanan pelanggan berorientasi layanan
SGS/SDS SMARTFREN KUDUS,https://www.kitalulus.com/lowongan/detail/sgssds-smartfren-kudus-7zpi,PT Artha Kreasi Utama,"Kabupaten Kudus, Jawa Tengah",minim 1,motor
Messengger,https://www.kitalulus.com/lowongan/detail/driver-rqgq,PT Nusapala Group,"Jakarta Barat, DKI Jakarta",minim 1,pembaruan pengemudi
SALES PROMOTOR KENDAL,https://www.kitalulus.com/lowongan/detail/sales-promotor-kendal-ujok,PT Artha Kreasi Utama,"Kabupaten Kendal, Jawa Tengah",minim 1,motor
Kepala Pengelola Gedung,https://www.kitalulus.com/lowongan/detail/kepala-pengelola-wjov,PT Dana Purna Investama,"Kota Tasikmalaya, Jawa Barat",minim 3,kelistrikan keterampilan pemeliharaan bangunan keahlian teknik keterampilan kepemimpinan tim
Donor Acquisition Representative,https://www.kitalulus.com/lowongan/detail/donor-acquisition-representative-211v,Yayasan Konservasi Alam Nusantara,"Kota Bandung, Jawa Barat",minim 1,kepemimpinan keterampilan komunikasi pemasaran target komunikasi persuasif berbicara pemasaran penjualan
SO Refinancing - Jakarta,https://www.kitalulus.com/lowongan/detail/sales-officer-refinancing-vaq9,PT Padma Raharja Sentosa,"Jakarta Selatan, DKI Jakarta",ketentuan,keterampilan penjualan
COLLECTOR,https://www.kitalulus.com/lowongan/detail/collector-vnma,Duta Elektronik,"Kota Palembang, Sumatra Selatan",minim 1,animasi 2
Supervisor Cleaning Service (Kota Semarang),https://www.kitalulus.com/lowongan/detail/supervisor-cleaning-service-kota-semarang-bbyg,PT Dana Purna Investama,"Kota Semarang, Jawa Tengah",minim 2,orientasi detail keterampilan komunikasi verbal
Stock Controll Administrator,https://www.kitalulus.com/lowongan/detail/stock-controll-administrator-qqyf,PT  Yongwang electronics indonesia,"Jakarta Barat, DKI Jakarta",minim 1,akurasi kompilasi dokumen administratif manajemen administrasi analisi berkomunikasi bahasa inggri kompilasi data kontrol dokumen arsip elektronik kontrol dokumen elektronik input dokumen elektronik kompilasi berka kompilasi informasi arsip manual ketelitian penyimpanan data arsip fisik
Hair Educator Makarizo (Jabodetabek),https://www.kitalulus.com/lowongan/detail/hair-educator-makarizo-jabodetabek-qobq,PT Akasha Wira International,"Jakarta Selatan, DKI Jakarta",minim 1,konsultasi kecantikan perawatan rambut konsultasi perawatan rambut pemilihan gaya rambut
Marketing Coordinator,https://www.kitalulus.com/lowongan/detail/marketing-coordinator-jpg3,EF English First Makassar,"Kota Manado, Sulawesi Utara",minim 1,alat pemasaran digit analisi strategi pemasaran alat pemasaran
Agent Data Entry KYC (Sleman),https://www.kitalulus.com/lowongan/detail/agent-data-entry-kyc-sleman-8ew0,Rajawali Berdikari Indonesia,"Kabupaten Sleman, DI Yogyakarta",ketentuan,akurasi mengetik cepat kecepatan mengetik
Direct Sales Wifi/Area Coordinator BZN Bogor,https://www.kitalulus.com/lowongan/detail/direct-sales-wifiarea-coordinator-bogor-pp6l,PT Duta Generasi Mandiri,"Kabupaten Bogor, Jawa Barat",minim 1,kemampuan beradaptasi kebutuhan penjualan pengembangan penjualan b 2 c
Sales Marketing Pematang Siantar,https://www.kitalulus.com/lowongan/detail/sales-marketing-siantar-qevw,PT Indonesia Bakery Family,"Kota Pematangsiantar, Sumatra Utara",minim 1,kemampuan menjual
SALES MARKETING LAHAT,https://www.kitalulus.com/lowongan/detail/sales-marketing-lahat-vo76,PT Indonesia Bakery Family,"Kabupaten Lahat, Sumatra Selatan",minim 1,kemampuan menjual
Admin Marketplace,https://www.kitalulus.com/lowongan/detail/admin-marketplace-vkih,PT Integritas Dinamika Indonesia,"Kota Surabaya, Jawa Timur",minim 1,manajemen marketplac
Freelance Resmi (H) WFH Mudah dikerjakan dari Rumah - Yas 4,https://www.kitalulus.com/lowongan/detail/freelance-resmi-kr-wfh-mudah-dikerjakan-dari-rum-bdoh,Freelance MisiSeru - PT Kita Lulus Internasional,"Jakarta Barat, DKI Jakarta",ketentuan,administrasi
Ikuti Freelance Admin (Q) WFH Reward Hingga 25.000 - yas 2,https://www.kitalulus.com/lowongan/detail/ikuti-freelance-admin-q-wfh-reward-hingga-25000-c1wh,Freelance MisiSeru - PT Kita Lulus Internasional,"Kota Surabaya, Jawa Timur",ketentuan,administrasi
"Freelance Admin (Q) Misiseru Remote WFH Benefit Hingga 25,000 - yas 1",https://www.kitalulus.com/lowongan/detail/freelance-admin-q-misiseru-remote-wfh-benefit-hi-qcdh,Freelance MisiSeru - PT Kita Lulus Internasional,"Kabupaten Bandung, Jawa Barat",ketentuan,administrasi
Freelance Admin (Q) Remote WFH Mengerjakan Misi - Yas 3,https://www.kitalulus.com/lowongan/detail/freelance-admin-q-remote-wfh-mengerjakan-misi-zleh,Freelance MisiSeru - PT Kita Lulus Internasional,"Jakarta Pusat, DKI Jakarta",ketentuan,administrasi
Spesialis eCommerce Marketing,https://www.kitalulus.com/lowongan/detail/spesialis-ecommerce-marketing-qqnm,Rajawali Berdikari Indonesia,"Jakarta Selatan, DKI Jakarta",minim 1,ecommerc analisi pemasaran manajemen ecommerc
Admin Online,https://www.kitalulus.com/lowongan/detail/admin-online-kjun,S-Gala.com,"Kabupaten Bandung, Jawa Barat",minim 1,koordinasi penjualan onlin administrasi penjualan keterampilan penjualan
Warehose Staff,https://www.kitalulus.com/lowongan/detail/warehose-staff-feuo,PT  Yongwang electronics indonesia,"Jakarta Barat, DKI Jakarta",minim 1,berkomunikasi bahasa inggri microsoft excel koordinasi pergudangan
Host Live Socmed,https://www.kitalulus.com/lowongan/detail/host-live-socmed-z1qa,PT Integritas Dinamika Indonesia,"Kabupaten Badung, Bali",minim 1,siaran acara langsung memahami produksi stream langsung
Telemarketing officer,https://www.kitalulus.com/lowongan/detail/telemarketing-officer-etgk,PT Timexs Indonesia,"Kota Depok, Jawa Barat",ketentuan,analisi analisi kebutuhan keuangan asuransi kendaraan
Daftar Segera Kerja Freelance Admin dari Rumah Reward Puluhan Ribu - WAF,https://www.kitalulus.com/lowongan/detail/daftar-segera-kerja-freelance-admin-dari-rumah-rew-qn8b,Freelance MisiSeru - Kita Lulus,"Kota Tangerang Selatan, Banten",ketentuan,administrasi
"Freelance Admin dari Rumah Reward Puluhan Ribu, Daftar Segera - WAF",https://www.kitalulus.com/lowongan/detail/freelance-admin-dari-rumah-reward-puluhan-ribu-da-ya2m,Freelance MisiSeru - Kita Lulus,"Jakarta Selatan, DKI Jakarta",ketentuan,administrasi
Freelance Admin Kerja Dari Rumah Dapat Puluhan Ribu (WFH/REMOTE) (Q) -VA,https://www.kitalulus.com/lowongan/detail/freelance-admin-kerja-dari-rumah-dapat-puluhan-rib-pfnu,Freelance MisiSeru - PT. Kita Lulus Internasional,"Kota Makassar, Sulawesi Selatan",ketentuan,administrasi
Marketing Perbankan (CABANG AMBASADOR JAKSEL),https://www.kitalulus.com/lowongan/detail/marketing-perbankan-cabang-ambasador-jaksel-5pw7,PT Timexs Indonesia,"Jakarta Selatan, DKI Jakarta",ketentuan,keterampilan komunikasi
CREW OUTLET GOLQI CHICKEN MAROS,https://www.kitalulus.com/lowongan/detail/crew-outlet-golqi-chicken-maros-s93l,PT Golqi Sukses Mulia,"Kabupaten Maros, Sulawesi Selatan",ketentuan,keterampilan memasak keterampilan pelayanan makanan minuman
Admin Service,https://www.kitalulus.com/lowongan/detail/admin-service-whdw,PT  Yongwang electronics indonesia,"Kota Bandung, Jawa Barat",minim 1,akurasi administrasi analisi berkomunikasi bahasa inggri administrasi rekaman
Therapist Salon  (Jakarta Timur),https://www.kitalulus.com/lowongan/detail/therapist-salon-jakarta-timur-u6x0,Salon Christopher,"Jakarta Timur, DKI Jakarta",ketentuan,manikur pedikur alat manikur pijat keterampilan pijat
Junior Caregiver Assistant,https://www.kitalulus.com/lowongan/detail/junior-caregiver-assistant-whfl,PT ASTA DAHAYU CONSULTING,"Jakarta Timur, DKI Jakarta",ketentuan,kemampuan menyesuaikan kebutuhan layanan pelanggan berorientasi layanan
SGS/SDS SMARTFREN KUDUS,https://www.kitalulus.com/lowongan/detail/sgssds-smartfren-kudus-7zpi,PT Artha Kreasi Utama,"Kabupaten Kudus, Jawa Tengah",minim 1,motor
Messengger,https://www.kitalulus.com/lowongan/detail/driver-rqgq,PT Nusapala Group,"Jakarta Barat, DKI Jakarta",minim 1,pembaruan pengemudi
SALES PROMOTOR KENDAL,https://www.kitalulus.com/lowongan/detail/sales-promotor-kendal-ujok,PT Artha Kreasi Utama,"Kabupaten Kendal, Jawa Tengah",minim 1,motor
Kepala Pengelola Gedung,https://www.kitalulus.com/lowongan/detail/kepala-pengelola-wjov,PT Dana Purna Investama,"Kota Tasikmalaya, Jawa Barat",minim 3,kelistrikan keterampilan pemeliharaan bangunan keahlian teknik keterampilan kepemimpinan tim
Donor Acquisition Representative,https://www.kitalulus.com/lowongan/detail/donor-acquisition-representative-211v,Yayasan Konservasi Alam Nusantara,"Kota Bandung, Jawa Barat",minim 1,kepemimpinan keterampilan komunikasi pemasaran target komunikasi persuasif berbicara pemasaran penjualan
SO Refinancing - Jakarta,https://www.kitalulus.com/lowongan/detail/sales-officer-refinancing-vaq9,PT Padma Raharja Sentosa,"Jakarta Selatan, DKI Jakarta",ketentuan,keterampilan penjualan
COLLECTOR,https://www.kitalulus.com/lowongan/detail/collector-vnma,Duta Elektronik,"Kota Palembang, Sumatra Selatan",minim 1,animasi 2
Supervisor Cleaning Service (Kota Semarang),https://www.kitalulus.com/lowongan/detail/supervisor-cleaning-service-kota-semarang-bbyg,PT Dana Purna Investama,"Kota Semarang, Jawa Tengah",minim 2,orientasi detail keterampilan komunikasi verbal
Stock Controll Administrator,https://www.kitalulus.com/lowongan/detail/stock-controll-administrator-qqyf,PT  Yongwang electronics indonesia,"Jakarta Barat, DKI Jakarta",minim 1,akurasi kompilasi dokumen administratif manajemen administrasi analisi berkomunikasi bahasa inggri kompilasi data kontrol dokumen arsip elektronik kontrol dokumen elektronik input dokumen elektronik kompilasi berka kompilasi informasi arsip manual ketelitian penyimpanan data arsip fisik
Hair Educator Makarizo (Jabodetabek),https://www.kitalulus.com/lowongan/detail/hair-educator-makarizo-jabodetabek-qobq,PT Akasha Wira International,"Jakarta Selatan, DKI Jakarta",minim 1,konsultasi kecantikan perawatan rambut konsultasi perawatan rambut pemilihan gaya rambut
Marketing Coordinator,https://www.kitalulus.com/lowongan/detail/marketing-coordinator-jpg3,EF English First Makassar,"Kota Manado, Sulawesi Utara",minim 1,alat pemasaran digit analisi strategi pemasaran alat pemasaran
Agent Data Entry KYC (Sleman),https://www.kitalulus.com/lowongan/detail/agent-data-entry-kyc-sleman-8ew0,Rajawali Berdikari Indonesia,"Kabupaten Sleman, DI Yogyakarta",ketentuan,akurasi mengetik cepat kecepatan mengetik
Direct Sales Wifi/Area Coordinator BZN Bogor,https://www.kitalulus.com/lowongan/detail/direct-sales-wifiarea-coordinator-bogor-pp6l,PT Duta Generasi Mandiri,"Kabupaten Bogor, Jawa Barat",minim 1,kemampuan beradaptasi kebutuhan penjualan pengembangan penjualan b 2 c
Sales Marketing Pematang Siantar,https://www.kitalulus.com/lowongan/detail/sales-marketing-siantar-qevw,PT Indonesia Bakery Family,"Kota Pematangsiantar, Sumatra Utara",minim 1,kemampuan menjual
SALES MARKETING LAHAT,https://www.kitalulus.com/lowongan/detail/sales-marketing-lahat-vo76,PT Indonesia Bakery Family,"Kabupaten Lahat, Sumatra Selatan",minim 1,kemampuan menjual
Admin Marketplace,https://www.kitalulus.com/lowongan/detail/admin-marketplace-vkih,PT Integritas Dinamika Indonesia,"Kota Surabaya, Jawa Timur",minim 1,manajemen marketplac
Freelance Resmi (H) WFH Mudah dikerjakan dari Rumah - Yas 4,https://www.kitalulus.com/lowongan/detail/freelance-resmi-kr-wfh-mudah-dikerjakan-dari-rum-bdoh,Freelance MisiSeru - PT Kita Lulus Internasional,"Jakarta Barat, DKI Jakarta",ketentuan,administrasi
Ikuti Freelance Admin (Q) WFH Reward Hingga 25.000 - yas 2,https://www.kitalulus.com/lowongan/detail/ikuti-freelance-admin-q-wfh-reward-hingga-25000-c1wh,Freelance MisiSeru - PT Kita Lulus Internasional,"Kota Surabaya, Jawa Timur",ketentuan,administrasi
